Domain,Status,Attractiveness,Demand,Length,Sectors,Created,Expires,Registrar
one.theater,available,132,44%,3,"Business,General,Media,Technology",,,
brief.theater,available,124,19%,5,"Business,Education,General,Law",,,
second.theater,expiring,120,23%,6,"General,Mathematics",10/09/2019 08:29,10/09/2025 08:29,Gandi SAS
complete.theater,available,120,21%,8,"Manufacturing,Retail,Technology",,,
wizard.theater,available,118,42%,6,"Entertainment,Media,Technology",,,
equal.theater,available,116,19%,5,"Education,General,Law",,,
flat.theater,available,116,24%,4,"Construction,Real Estate",,,
tenth.theater,available,116,7%,5,Mathematics,,,
tonic.theater,available,114,22%,5,"Health and Fitness,Medicine,Science",,,
hotshot.theater,available,112,14%,7,"Business,Entertainment,Sports",,,
zero.theater,available,112,49%,4,Mathematics,,,
acute.theater,available,112,9%,5,"Mathematics,Medicine,Science",,,
above.theater,available,112,22%,5,Business,,,
abstract.theater,available,108,29%,8,"Arts,Humanities,Science",,,
abiding.theater,available,106,5%,7,"General,Religion",,,
teen.theater,available,104,14%,4,"Education,Entertainment,Healthcare",,,
expert.theater,available,104,26%,6,"Business,Education,Technology",,,
active.theater,available,104,27%,6,"Health and Fitness,Sports,Travel",,,
absent.theater,available,102,8%,6,"Business,Education,Technology",,,
captive.theater,available,102,14%,7,"Entertainment,Hospitality,Technology",,,
eight.theater,available,102,23%,5,"General,Mathematics",,,
extra.theater,available,102,26%,5,"Fashion,Retail,Technology",,,
adjunct.theater,available,100,5%,7,Education,,,
remove.theater,available,100,13%,6,"Construction,Manufacturing,Technology",,,
sixth.theater,available,100,8%,5,Mathematics,,,
ninth.theater,available,100,9%,5,Mathematics,,,
third.theater,available,100,16%,5,Mathematics,,,
whiz.theater,available,100,12%,4,"Business,Education,Technology",,,
crack.theater,available,100,20%,5,Sports,,,
abrupt.theater,available,100,3%,6,"Medicine,Science",,,
eighth.theater,available,100,6%,6,Mathematics,,,
whizz.theater,available,98,11%,5,"Business,Education,Technology",,,
genius.theater,available,98,46%,6,"Arts,Education,Technology",,,
alamode.theater,available,96,12%,9,Fashion,,,
forgiving.theater,available,96,3%,9,"Healthcare,Religion",,,
actual.theater,available,96,22%,6,"Real Estate,Retail,Technology",,,
doable.theater,available,96,9%,6,"Business,Education,Technology",,,
academic.theater,available,96,20%,8,"Education,Humanities,Science",,,
virtuoso.theater,available,94,16%,8,"Arts,Entertainment",,,
around.theater,resell,94,22%,6,"Business,General,Media,Technology",21/04/2017 15:00,21/04/2026 15:00,Hosting Concepts B.V. d/b/a Registrar.eu
about.theater,available,94,28%,5,"Business,General,Media,Technology",,,
abject.theater,available,94,7%,6,Humanities,,,
adequate.theater,available,94,9%,8,"Education,Healthcare,Technology",,,
exemplary.theater,available,92,5%,9,"Business,Education,Healthcare",,,
adjective.theater,available,92,5%,9,Education,,,
adept.theater,available,92,24%,5,"Education,Health and Fitness,Sports",,,
twentieth.theater,available,92,3%,9,Mathematics,,,
derelict.theater,available,92,7%,8,"Construction,Real Estate",,,
next.theater,available,92,43%,4,"Retail,Technology,Transportation",,,
abroad.theater,available,92,12%,6,"Hospitality,Travel",,,
nought.theater,available,92,4%,6,Mathematics,,,
neutral.theater,available,92,20%,7,"Business,Media,Politics",,,
adoring.theater,available,90,2%,7,"Entertainment,Fashion,Retail",,,
clear.theater,available,90,47%,5,"Manufacturing,Retail,Technology",,,
leash.theater,available,90,7%,5,"General,Health and Fitness,Retail",,,
riveting.theater,available,90,6%,8,"Entertainment,Media,Technology",,,
abortive.theater,available,90,1%,8,"Medicine,Science",,,
additional.theater,available,90,8%,10,"Fashion,Retail,Technology",,,
gripping.theater,available,90,3%,8,"Entertainment,Media,Technology",,,
addictive.theater,available,90,9%,9,Healthcare,,,
endearing.theater,available,90,1%,9,"Entertainment,Fashion,Retail",,,
twelve.theater,available,88,18%,6,"General,Mathematics",,,
hundred.theater,available,88,14%,7,Mathematics,,,
adlib.theater,available,88,7%,6,Entertainment,,,
wide.theater,available,88,18%,4,"Business,Media,Technology",,,
actionable.theater,available,88,13%,10,"Business,Law",,,
activist.theater,available,88,12%,8,"Humanities,Politics",,,
ace.theater,available,88,34%,3,Sports,,,
fifteen.theater,available,88,13%,7,Mathematics,,,
sixteen.theater,available,88,11%,7,Mathematics,,,
eleven.theater,available,88,33%,6,Mathematics,,,
three.theater,available,88,24%,5,Mathematics,,,
proficient.theater,available,88,8%,10,"Education,Health and Fitness,Sports",,,
ten.theater,available,88,28%,3,"General,Mathematics",,,
star.theater,available,86,40%,4,"Entertainment,Media,Sports",,,
engrossing.theater,available,86,0%,10,"Entertainment,Media,Technology",,,
xiv.theater,available,86,12%,3,Mathematics,,,
extempore.theater,available,86,3%,9,Entertainment,,,
recondite.theater,available,86,4%,9,"Arts,Humanities,Science",,,
attendant.theater,available,86,5%,9,"Healthcare,Hospitality,Transportation",,,
aboriginal.theater,available,86,10%,10,Humanities,,,
cipher.theater,available,86,29%,6,Mathematics,,,
intent.theater,available,86,25%,6,"Business,Education,Technology",,,
xix.theater,available,86,11%,3,Mathematics,,,
adolescent.theater,available,86,3%,10,"Education,Entertainment,Healthcare",,,
accessory.theater,available,84,8%,9,"Fashion,Retail,Technology",,,
fourteen.theater,available,84,8%,8,Mathematics,,,
adjustable.theater,available,84,3%,10,"Manufacturing,Retail,Technology",,,
twentytwo.theater,available,84,11%,10,Mathematics,,,
sharp.theater,available,84,34%,5,"Arts,Fashion",,,
nineteen.theater,available,84,8%,8,Mathematics,,,
thirteen.theater,available,84,10%,8,Mathematics,,,
seventeen.theater,available,84,7%,9,Mathematics,,,
acting.theater,available,84,12%,6,Entertainment,,,
thousand.theater,available,84,8%,8,Mathematics,,,
grand.theater,expiring,84,25%,5,"Finance,General",19/08/2015 16:00,19/08/2025 16:00,"Go France Domains, LLC"
deviate.theater,available,84,12%,7,"Medicine,Science",,,
twentyone.theater,available,84,13%,10,Mathematics,,,
enduring.theater,available,82,9%,8,"Health and Fitness,Religion",,,
cleansing.theater,available,82,3%,9,Health and Fitness,,,
decade.theater,available,82,10%,6,Mathematics,,,
good.theater,available,82,47%,4,"Food and Beverage,General,Health and Fitness,Retail",,,
abroach.theater,available,82,1%,7,Food and Beverage,,,
fivesome.theater,available,82,1%,8,Sports,,,
altered.theater,available,82,9%,7,"Medicine,Science",,,
absorbent.theater,available,82,3%,9,"Healthcare,Manufacturing,Retail",,,
dozen.theater,available,82,10%,5,Mathematics,,,
abkhaz.theater,available,82,1%,6,Geography,,,
impromptu.theater,available,82,16%,9,Entertainment,,,
abenaki.theater,available,82,2%,7,Geography,,,
abdominal.theater,available,82,1%,9,"Health and Fitness,Medicine",,,
seventh.theater,available,80,10%,7,Mathematics,,,
worshipful.theater,available,80,1%,10,"Education,Healthcare,Religion",,,
able.theater,available,80,29%,4,"Business,Education,General,Technology",,,
abundant.theater,available,80,19%,8,"Agriculture,Manufacturing,Retail",,,
first.theater,available,80,36%,5,"General,Mathematics",,,
yard.theater,available,80,26%,4,"Construction,General",,,
absurd.theater,available,80,16%,6,"Arts,Entertainment,Media",,,
absorbable.theater,available,80,0%,10,"Healthcare,Pharmaceuticals,Science",,,
forty.theater,available,80,9%,5,Mathematics,,,
wiz.theater,available,80,30%,3,"Business,Education,Technology",,,
two.theater,available,80,24%,3,Mathematics,,,
dorsal.theater,available,80,6%,6,"Medicine,Science",,,
adoptable.theater,available,80,3%,9,"Education,Healthcare",,,
twenty.theater,available,80,12%,6,Mathematics,,,
nine.theater,available,80,24%,4,"General,Mathematics",,,
absolute.theater,available,80,25%,8,"Engineering,Mathematics,Science",,,
some.theater,available,80,32%,4,"Business,Media,Retail",,,
trio.theater,available,80,21%,4,Entertainment,,,
sequent.theater,available,80,7%,7,"Healthcare,Insurance,Transportation",,,
capable.theater,available,80,12%,7,"Business,Education,Technology",,,
low.theater,available,78,20%,3,"Business,Finance",,,
accurate.theater,available,78,16%,8,"Engineering,Mathematics,Science",,,
accessible.theater,available,78,21%,10,"Healthcare,Retail,Technology",,,
sixtynine.theater,available,78,8%,10,Mathematics,,,
adjacent.theater,available,78,9%,8,"Construction,Real Estate,Retail",,,
adrenal.theater,available,78,4%,7,"Education,Healthcare,Science",,,
acceptant.theater,available,78,1%,9,"Education,Healthcare",,,
dormant.theater,available,78,4%,7,"Medicine,Science",,,
abounding.theater,available,78,2%,9,Agriculture,,,
abkhasian.theater,available,78,1%,9,Geography,,,
accepted.theater,available,78,6%,8,"Business,Education,Technology",,,
adorable.theater,available,78,8%,8,"Entertainment,Fashion,Retail",,,
twentysix.theater,available,78,8%,10,Mathematics,,,
athletic.theater,available,78,15%,8,"Health and Fitness,Sports",,,
recognized.theater,available,78,3%,10,"Business,Education,Technology",,,
accidental.theater,available,78,11%,10,"Healthcare,Insurance,Transportation",,,
recognised.theater,available,78,3%,10,"Business,Education,Technology",,,
honestly.theater,available,78,9%,8,"Business,Law",,,
acceptable.theater,available,78,5%,10,"Business,Hospitality,Retail",,,
abkhazian.theater,available,78,1%,9,Geography,,,
absorptive.theater,available,78,1%,10,"Healthcare,Manufacturing,Retail",,,
thousandth.theater,available,76,1%,10,Mathematics,,,
resultant.theater,available,76,2%,9,"Healthcare,Insurance,Transportation",,,
nineteenth.theater,available,76,3%,10,Mathematics,,,
obscene.theater,available,76,5%,7,"Entertainment,Media",,,
incidental.theater,available,76,4%,10,"Healthcare,Insurance,Transportation",,,
thirteenth.theater,available,76,4%,10,Mathematics,,,
acoustic.theater,available,76,14%,8,Science,,,
energizing.theater,available,76,3%,10,"Food and Beverage,Health and Fitness,Travel",,,
improvise.theater,available,76,4%,9,Entertainment,,,
addable.theater,available,76,2%,7,"Engineering,Mathematics,Science",,,
adaptable.theater,available,76,9%,9,"Business,Education,Technology",,,
firstrate.theater,available,76,6%,10,Business,,,
adipose.theater,available,76,2%,7,"Healthcare,Science",,,
fourteenth.theater,available,76,1%,10,Mathematics,,,
auxiliary.theater,available,76,7%,9,"Healthcare,Manufacturing,Technology",,,
ancillary.theater,available,76,6%,9,"Healthcare,Manufacturing,Technology",,,
abrasive.theater,available,76,6%,8,"Construction,Manufacturing",,,
ventral.theater,available,76,3%,7,Science,,,
fifteenth.theater,available,76,2%,9,Mathematics,,,
eighteen.theater,available,76,7%,8,Mathematics,,,
hundredth.theater,available,76,1%,9,Mathematics,,,
adhesive.theater,available,76,7%,8,"Construction,Manufacturing,Technology",,,
threed.theater,available,76,7%,7,Technology,,,
diamond.theater,available,76,32%,7,Fashion,,,
adherent.theater,available,76,4%,8,"Politics,Religion",,,
ague.theater,available,76,2%,4,"Geography,Medicine,Science",,,
skilful.theater,available,74,3%,7,"Education,Health and Fitness,Sports",,,
accepting.theater,available,74,3%,9,"Education,Healthcare",,,
mavin.theater,available,74,7%,5,"Entertainment,Fashion,Technology",,,
adrenergic.theater,available,74,1%,10,"Education,Healthcare,Science",,,
adenoid.theater,available,74,1%,7,"Health and Fitness,Medicine,Science",,,
admirable.theater,available,74,5%,9,"Business,Education,Healthcare",,,
playing.theater,available,74,12%,7,Entertainment,,,
supra.theater,available,74,25%,5,"Medicine,Science",,,
realizable.theater,available,74,1%,10,"Business,Education,Technology",,,
cleared.theater,available,74,7%,7,"Healthcare,Law,Transportation",,,
broad.theater,available,74,13%,5,"Entertainment,General,Media",,,
single.theater,available,74,19%,6,Sports,,,
abnormal.theater,available,74,16%,8,"Medicine,Science",,,
adapted.theater,available,74,6%,7,"Healthcare,Manufacturing,Technology",,,
sensation.theater,available,74,7%,9,"Entertainment,Media,Sports",,,
acuate.theater,available,74,2%,6,"Engineering,Medicine,Science",,,
aberrant.theater,available,74,6%,8,"Medicine,Science",,,
adamant.theater,available,74,14%,7,Religion,,,
activated.theater,available,74,9%,9,"Healthcare,Manufacturing,Technology",,,
achievable.theater,available,74,4%,10,"Business,Education,Technology",,,
manageable.theater,available,74,4%,10,"Business,Education,Technology",,,
champion.theater,available,72,28%,8,"Entertainment,Health and Fitness,Sports",,,
ninetieth.theater,available,72,1%,9,Mathematics,,,
improvize.theater,available,72,1%,9,Entertainment,,,
adiabatic.theater,available,72,3%,9,"Engineering,Science",,,
deep.theater,available,72,41%,4,"Engineering,Mathematics,Science",,,
trey.theater,available,72,14%,4,Sports,,,
adjunctive.theater,available,72,1%,10,"Healthcare,Manufacturing,Technology",,,
adaptative.theater,available,72,1%,10,"Business,Education,Technology",,,
trinity.theater,available,72,18%,7,Religion,,,
lovely.theater,available,72,26%,6,"Entertainment,Fashion,Retail",,,
sixtieth.theater,available,72,1%,8,Mathematics,,,
adjectival.theater,available,72,1%,10,Education,,,
absolutist.theater,available,72,1%,10,"Humanities,Law,Politics",,,
abloom.theater,available,72,5%,6,Agriculture,,,
abreast.theater,available,72,2%,7,"Business,Technology",,,
engrossed.theater,available,72,1%,9,"Entertainment,Media,Technology",,,
accusative.theater,available,72,0%,10,"Humanities,Law",,,
existent.theater,available,72,3%,8,"Mathematics,Science",,,
accustomed.theater,available,72,1%,10,"Business,Education,Humanities",,,
addicted.theater,available,72,9%,8,Healthcare,,,
absorbed.theater,available,72,2%,8,"Entertainment,Media,Technology",,,
adonic.theater,available,72,2%,6,"Arts,Education,Entertainment",,,
seventieth.theater,available,72,1%,10,Mathematics,,,
ternary.theater,available,72,7%,7,Mathematics,,,
ablaze.theater,available,72,6%,6,Entertainment,,,
aching.theater,available,72,4%,6,Healthcare,,,
eightieth.theater,available,72,1%,9,Mathematics,,,
abulic.theater,available,70,1%,6,Medicine,,,
tiptop.theater,available,70,24%,6,Fashion,,,
practiced.theater,available,70,3%,9,"Education,Health and Fitness,Sports",,,
gymnastic.theater,available,70,3%,9,"Entertainment,Sports",,,
abradant.theater,available,70,1%,8,"Construction,Manufacturing",,,
adored.theater,available,70,6%,6,"Entertainment,Fashion,Retail",,,
lowdown.theater,available,70,6%,8,"Entertainment,Media",,,
miserable.theater,available,70,4%,9,Humanities,,,
recumbent.theater,available,70,2%,9,"Healthcare,Medicine,Science",,,
admired.theater,available,70,5%,7,"Business,Education,Healthcare",,,
skillful.theater,available,70,9%,8,"Education,Health and Fitness,Sports",,,
absorbing.theater,available,70,3%,9,"Entertainment,Media,Technology",,,
adamantine.theater,available,70,4%,10,Religion,,,
offhand.theater,available,70,2%,7,Entertainment,,,
acuminate.theater,available,70,1%,9,"Engineering,Medicine,Science",,,
accumbent.theater,available,70,1%,9,"Healthcare,Medicine,Science",,,
stillborn.theater,available,70,2%,9,"Medicine,Science",,,
consequent.theater,available,70,3%,10,"Business,Education,General,Technology",,,
adjusted.theater,available,70,5%,8,"Manufacturing,Retail,Technology",,,
abnaki.theater,available,68,1%,6,Geography,,,
scurvy.theater,available,68,3%,6,Humanities,,,
licensed.theater,available,68,5%,8,"Business,Healthcare,Insurance",,,
aculeate.theater,available,68,1%,8,"Engineering,Medicine,Science",,,
acerate.theater,available,68,1%,7,Science,,,
aberdonian.theater,available,68,1%,10,Geography,,,
achaean.theater,available,68,2%,7,Humanities,,,
licenced.theater,available,68,2%,8,"Business,Healthcare,Insurance",,,
stygian.theater,available,68,5%,7,Humanities,,,
septenary.theater,available,68,1%,9,Mathematics,,,
thirtieth.theater,available,68,1%,9,Mathematics,,,
sevener.theater,available,68,1%,7,Mathematics,,,
abkhas.theater,available,68,0%,6,Geography,,,
foursome.theater,available,68,4%,8,Sports,,,
accredited.theater,available,68,9%,10,"Business,Education,Healthcare",,,
decorated.theater,available,68,3%,9,"Entertainment,Fashion,Retail",,,
disciple.theater,available,68,14%,8,"Education,Religion",,,
overseas.theater,available,68,12%,8,"Hospitality,Travel",,,
fortieth.theater,available,68,0%,8,Mathematics,,,
ablative.theater,available,68,3%,8,Science,,,
fiftieth.theater,available,68,0%,8,Mathematics,,,
achaian.theater,available,68,2%,7,Humanities,,,
ennead.theater,available,68,5%,6,Mathematics,,,
ane.theater,available,68,12%,3,Mathematics,,,
octonary.theater,available,68,1%,8,Mathematics,,,
vindicated.theater,available,68,2%,10,"Humanities,Law,Politics",,,
abducent.theater,available,68,0%,8,Medicine,,,
aroused.theater,available,68,3%,7,"Entertainment,Health and Fitness",,,
activating.theater,available,68,3%,10,"Healthcare,Manufacturing,Technology",,,
threesome.theater,available,68,5%,9,Entertainment,,,
exonerated.theater,available,66,2%,10,"Humanities,Law,Politics",,,
modish.theater,available,66,5%,6,Fashion,,,
xii.theater,available,66,10%,3,Mathematics,,,
xxii.theater,available,66,6%,4,Mathematics,,,
adorned.theater,available,66,5%,7,"Entertainment,Fashion,Retail",,,
latest.theater,available,66,18%,6,Technology,,,
sextet.theater,available,66,1%,6,Entertainment,,,
acrobatic.theater,available,66,4%,9,"Entertainment,Sports",,,
xxi.theater,available,66,10%,3,Mathematics,,,
eighty.theater,available,66,6%,6,Mathematics,,,
performing.theater,available,66,6%,10,Entertainment,,,
abstinent.theater,available,66,1%,9,"Health and Fitness,Religion",,,
century.theater,available,66,17%,7,Education,,,
tenner.theater,available,66,5%,6,Finance,,,
teenager.theater,available,66,4%,8,"Education,Entertainment,Healthcare",,,
xxvi.theater,available,66,3%,4,Mathematics,,,
clv.theater,available,66,10%,3,Mathematics,,,
four.theater,available,66,27%,4,Mathematics,,,
buzzing.theater,available,66,7%,7,"Entertainment,Media,Technology",,,
acappella.theater,available,66,6%,10,Entertainment,,,
deuce.theater,available,66,9%,5,Sports,,,
six.theater,available,66,26%,3,Mathematics,,,
xvi.theater,available,66,5%,3,Mathematics,,,
xviii.theater,available,66,5%,5,Mathematics,,,
five.theater,available,66,26%,4,Mathematics,,,
maven.theater,available,66,30%,5,"Entertainment,Fashion,Technology",,,
xvii.theater,available,66,5%,4,Mathematics,,,
onec.theater,available,66,6%,5,Mathematics,,,
xxv.theater,available,66,6%,3,Mathematics,,,
ninety.theater,available,66,11%,6,Mathematics,,,
adopted.theater,available,66,4%,7,"Education,Healthcare",,,
thirty.theater,available,66,8%,6,Mathematics,,,
accessary.theater,available,66,1%,9,"Business,Law,Technology",,,
fifty.theater,available,66,12%,5,Mathematics,,,
xiii.theater,available,66,9%,4,Mathematics,,,
acervate.theater,available,66,1%,8,Science,,,
according.theater,available,66,3%,9,"Business,Education,Technology",,,
adagio.theater,available,64,14%,6,Entertainment,,,
absolved.theater,available,64,1%,8,"Humanities,Law,Religion",,,
rising.theater,available,64,18%,6,"Construction,Manufacturing,Real Estate",,,
ccc.theater,available,64,38%,3,Mathematics,,,
deviant.theater,available,64,12%,7,"Medicine,Science",,,
acentric.theater,available,64,2%,8,Science,,,
scatty.theater,available,64,1%,6,"Arts,Entertainment,Media",,,
accordant.theater,available,64,3%,9,"Arts,Entertainment",,,
aflame.theater,available,64,3%,6,Entertainment,,,
nondrinker.theater,available,64,1%,10,"Health and Fitness,Religion",,,
astringent.theater,available,64,1%,10,"Healthcare,Pharmaceuticals",,,
chiliad.theater,available,62,2%,7,Mathematics,,,
longdozen.theater,available,62,2%,10,Mathematics,,,
nail.theater,available,62,16%,4,"Construction,Fashion,General,Retail",,,
quartet.theater,available,62,7%,7,"Arts,Entertainment",,,
activistic.theater,available,62,1%,10,"Humanities,Politics",,,
activation.theater,available,62,16%,10,"Healthcare,Manufacturing,Technology",,,
fortyfour.theater,available,62,6%,10,Mathematics,,,
accusing.theater,available,62,1%,8,Law,,,
adjuvant.theater,available,62,5%,8,"Healthcare,Manufacturing,Technology",,,
adoptive.theater,available,62,1%,8,"Education,Healthcare",,,
twodozen.theater,available,62,1%,9,Mathematics,,,
troika.theater,available,62,8%,6,Politics,,,
exculpated.theater,available,62,1%,10,"Humanities,Law,Politics",,,
wrapped.theater,available,62,13%,7,"Fashion,Hospitality,Retail",,,
sixteenth.theater,available,62,1%,9,Mathematics,,,
pungent.theater,available,62,1%,7,Food and Beverage,,,
orso.theater,available,62,9%,5,"Business,Media,Technology",,,
aborigine.theater,available,62,1%,9,Humanities,,,
cumulative.theater,available,62,2%,10,"Banking,Finance,Insurance",,,
admissible.theater,available,62,1%,10,"Education,Healthcare,Law",,,
playacting.theater,available,62,1%,10,Entertainment,,,
ensuant.theater,available,62,1%,7,"Healthcare,Insurance,Transportation",,,
roughly.theater,available,62,3%,7,"Business,Media,Technology",,,
aufait.theater,available,62,3%,7,"Fashion,Media",,,
acidic.theater,available,62,5%,6,"Food and Beverage,Science",,,
eleventh.theater,available,62,5%,8,Mathematics,,,
accrued.theater,available,62,2%,7,"Banking,Finance,Insurance",,,
eighteenth.theater,available,62,1%,10,Mathematics,,,
cxv.theater,available,60,4%,3,Mathematics,,,
eightysix.theater,available,60,7%,10,Mathematics,,,
cxl.theater,available,60,7%,3,Mathematics,,,
idolised.theater,available,60,1%,8,"Entertainment,Fashion,Retail",,,
adnate.theater,available,60,1%,6,"Agriculture,Manufacturing,Retail",,,
annexal.theater,available,60,1%,7,"Agriculture,Manufacturing,Retail",,,
clxxx.theater,available,60,1%,5,Mathematics,,,
thou.theater,available,60,7%,4,Mathematics,,,
clxxv.theater,available,60,1%,5,Mathematics,,,
cxxxv.theater,available,60,2%,5,Mathematics,,,
aboveboard.theater,available,60,5%,10,"Business,Law",,,
clxx.theater,available,60,3%,4,Mathematics,,,
paunchy.theater,available,60,0%,7,"Health and Fitness,Medicine",,,
cxx.theater,available,60,10%,3,Mathematics,,,
tertiary.theater,available,60,4%,8,Education,,,
clx.theater,available,60,10%,3,Mathematics,,,
acceptive.theater,available,60,1%,9,"Education,Healthcare",,,
abstainer.theater,available,60,0%,9,"Health and Fitness,Religion",,,
cxxx.theater,available,60,4%,4,Mathematics,,,
sixty.theater,available,60,13%,5,Mathematics,,,
octet.theater,available,60,12%,5,Arts,,,
cxlv.theater,available,60,2%,4,Mathematics,,,
abstemious.theater,available,60,0%,10,"Food and Beverage,Health and Fitness,Hospitality",,,
abashed.theater,available,60,1%,7,Humanities,,,
cxxv.theater,available,60,1%,4,Mathematics,,,
clxv.theater,available,60,1%,4,Mathematics,,,
cautionary.theater,available,60,1%,10,"Business,Education,Healthcare",,,
xcl.theater,available,60,5%,3,Mathematics,,,
idolized.theater,available,60,3%,8,"Entertainment,Fashion,Retail",,,
adnexal.theater,available,60,1%,7,"Agriculture,Manufacturing,Retail",,,
tercet.theater,available,59,2%,6,"Arts,Entertainment,Media",,,
abandoned.theater,available,58,10%,9,"Construction,Real Estate",,,
addible.theater,available,58,2%,7,"Engineering,Mathematics,Science",,,
acetic.theater,available,58,1%,6,"Food and Beverage,Science",,,
accretive.theater,available,58,6%,9,"Banking,Finance,Insurance",,,
accoutred.theater,available,58,1%,9,"Fashion,Manufacturing,Retail",,,
octad.theater,available,58,5%,5,Mathematics,,,
seventy.theater,available,58,7%,7,Mathematics,,,
sixer.theater,available,58,5%,5,Sports,,,
offhanded.theater,available,58,1%,9,Entertainment,,,
fourscore.theater,available,58,4%,9,Mathematics,,,
super.theater,available,58,47%,5,Business,,,
hexad.theater,available,58,4%,5,Mathematics,,,
actuarial.theater,available,58,8%,9,"Finance,Insurance,Mathematics",,,
adient.theater,available,58,4%,6,"Medicine,Science",,,
closeto.theater,available,58,3%,8,"Business,Media,Technology",,,
addressed.theater,available,58,3%,9,"Business,Technology,Telecommunications",,,
ache.theater,available,58,7%,4,Healthcare,,,
accented.theater,available,58,3%,8,"Arts,Entertainment",,,
tetrad.theater,available,58,5%,6,Mathematics,,,
acyclic.theater,available,58,4%,7,"Engineering,Mathematics,Science",,,
heptad.theater,available,58,1%,6,Mathematics,,,
justabout.theater,available,58,3%,10,"Business,Media,Technology",,,
niner.theater,available,58,5%,5,Mathematics,,,
abuzz.theater,available,58,5%,5,"Entertainment,Media,Technology",,,
adjustive.theater,available,58,1%,9,"Manufacturing,Retail,Technology",,,
lxxx.theater,available,58,2%,4,Mathematics,,,
cypher.theater,available,58,29%,6,Mathematics,,,
sixtyone.theater,available,58,3%,9,Mathematics,,,
seven.theater,available,58,36%,5,Mathematics,,,
abused.theater,available,58,5%,6,"Healthcare,Law",,,
sextuplet.theater,available,58,1%,9,Healthcare,,,
pentad.theater,available,58,2%,6,Mathematics,,,
quintet.theater,available,58,8%,7,"Arts,Entertainment",,,
twelfth.theater,available,58,2%,7,Mathematics,,,
abridged.theater,available,58,4%,8,Media,,,
enwrapped.theater,available,58,0%,9,"Entertainment,Fashion,Media",,,
fourth.theater,available,58,13%,6,Mathematics,,,
fifth.theater,available,58,12%,5,Mathematics,,,
lxxviii.theater,available,58,1%,7,Mathematics,,,
adhoc.theater,available,58,24%,6,"Business,Engineering,Technology",,,
eighter.theater,available,58,2%,7,Mathematics,,,
aucourant.theater,available,58,3%,10,"Fashion,Media",,,
alacarte.theater,available,58,11%,10,Food and Beverage,,,
centesimal.theater,available,58,1%,10,Mathematics,,,
thirtyone.theater,available,56,5%,10,Mathematics,,,
thirtysix.theater,available,56,5%,10,Mathematics,,,
xliii.theater,available,56,1%,5,Mathematics,,,
admittable.theater,available,56,1%,10,"Education,Healthcare,Hospitality",,,
fiftyfour.theater,available,56,3%,10,Mathematics,,,
xxxvii.theater,available,56,2%,6,Mathematics,,,
fortysix.theater,available,56,3%,9,Mathematics,,,
xxxi.theater,available,56,9%,4,Mathematics,,,
abdominous.theater,available,56,0%,10,"Health and Fitness,Medicine",,,
xlvi.theater,available,56,3%,4,Mathematics,,,
triad.theater,available,56,15%,5,Arts,,,
xxxiii.theater,available,56,2%,6,Mathematics,,,
xlii.theater,available,56,5%,4,Mathematics,,,
lvi.theater,available,56,8%,3,Mathematics,,,
maledict.theater,available,56,1%,8,Religion,,,
accoutered.theater,available,56,0%,10,"Fashion,Manufacturing,Retail",,,
lviii.theater,available,56,1%,5,Mathematics,,,
xxvii.theater,available,56,3%,5,Mathematics,,,
xlv.theater,available,56,6%,3,Mathematics,,,
xxxviii.theater,available,56,1%,7,Mathematics,,,
abeyant.theater,available,56,1%,7,"Business,Law",,,
lvii.theater,available,56,1%,4,Mathematics,,,
thirtytwo.theater,available,56,5%,10,Mathematics,,,
fiftyone.theater,available,56,7%,9,Mathematics,,,
fiftytwo.theater,available,56,6%,9,Mathematics,,,
terzetto.theater,available,56,3%,8,Arts,,,
aone.theater,available,56,15%,5,Food and Beverage,,,
fiftysix.theater,available,56,4%,9,Mathematics,,,
fiftynine.theater,available,56,4%,10,Mathematics,,,
potbellied.theater,available,56,0%,10,"Health and Fitness,Medicine",,,
xliv.theater,available,56,2%,4,Mathematics,,,
fiftyfive.theater,available,56,7%,10,Mathematics,,,
addled.theater,available,56,2%,6,Entertainment,,,
xxiv.theater,available,56,5%,4,Mathematics,,,
fortyone.theater,available,56,4%,9,Mathematics,,,
xxix.theater,available,56,4%,4,Mathematics,,,
xxxvi.theater,available,56,1%,5,Mathematics,,,
xxxv.theater,available,56,4%,4,Mathematics,,,
appressed.theater,available,56,0%,9,"Agriculture,Manufacturing,Retail",,,
xxiii.theater,available,56,5%,5,Mathematics,,,
xxxiv.theater,available,56,1%,5,Mathematics,,,
admittible.theater,available,56,1%,10,"Education,Healthcare,Hospitality",,,
halfdozen.theater,available,56,1%,10,Mathematics,,,
fortynine.theater,available,56,3%,10,Mathematics,,,
lii.theater,available,56,7%,3,Mathematics,,,
admissive.theater,available,56,1%,9,"Education,Healthcare,Hospitality",,,
fortytwo.theater,available,56,17%,9,Mathematics,,,
xlviii.theater,available,56,1%,6,Mathematics,,,
ilx.theater,available,56,5%,3,Mathematics,,,
xli.theater,available,56,5%,3,Mathematics,,,
liii.theater,available,56,4%,4,Mathematics,,,
xlvii.theater,available,56,2%,5,Mathematics,,,
xxxii.theater,available,56,1%,5,Mathematics,,,
xxviii.theater,available,56,1%,6,Mathematics,,,
threescore.theater,available,54,1%,10,Mathematics,,,
ternion.theater,available,54,3%,7,Mathematics,,,
scratchy.theater,available,54,3%,8,Fashion,,,
quatern.theater,available,54,2%,7,Mathematics,,,
vii.theater,available,54,13%,3,Mathematics,,,
quaternity.theater,available,54,4%,10,Mathematics,,,
abient.theater,available,54,1%,6,Science,,,
fortyfive.theater,available,54,4%,10,Mathematics,,,
adpressed.theater,available,54,0%,9,"Agriculture,Manufacturing,Retail",,,
abaxial.theater,available,54,1%,7,Science,,,
admonitory.theater,available,54,0%,10,"Business,Education,Healthcare",,,
fin.theater,available,54,30%,3,Finance,,,
topnotch.theater,available,54,18%,8,Business,,,
adducent.theater,available,54,1%,8,"Engineering,Mathematics,Science",,,
quaternion.theater,available,54,6%,10,Mathematics,,,
abhorrent.theater,available,54,1%,9,Humanities,,,
quintuplet.theater,available,54,1%,10,"Healthcare,Medicine,Science",,,
abducens.theater,available,54,1%,8,Medicine,,,
iii.theater,available,54,24%,3,Mathematics,,,
sise.theater,available,54,5%,4,Mathematics,,,
accentual.theater,available,54,3%,9,"Arts,Entertainment",,,
twoscore.theater,available,54,2%,8,Mathematics,,,
deserted.theater,available,54,3%,8,"Hospitality,Real Estate",,,
actuated.theater,available,54,2%,8,"Automotive,Manufacturing,Technology",,,
achy.theater,available,54,3%,4,Healthcare,,,
accursed.theater,available,54,3%,8,"Entertainment,Media,Religion",,,
adductive.theater,available,54,0%,9,"Engineering,Mathematics,Science",,,
acoustical.theater,available,54,4%,10,Science,,,
adjuratory.theater,available,54,0%,10,"Law,Politics,Religion",,,
aboral.theater,available,54,2%,6,Science,,,
quadruplet.theater,available,54,1%,10,"Healthcare,Medicine,Science",,,
unnatural.theater,available,54,4%,9,"Medicine,Science",,,
adducting.theater,available,54,1%,9,"Engineering,Mathematics,Science",,,
viii.theater,available,54,6%,4,Mathematics,,,
abatic.theater,available,54,1%,6,Science,,,
adaxial.theater,available,54,2%,7,Science,,,
deuceace.theater,available,54,2%,9,Sports,,,
monitory.theater,available,54,3%,8,"Business,Education,Healthcare",,,
abatable.theater,available,54,1%,8,Law,,,
abasic.theater,available,54,1%,6,Science,,,
achromatic.theater,available,54,4%,10,Science,,,
septet.theater,available,53,1%,6,General,,,
sestet.theater,available,53,1%,6,Arts,,,
xxx.theater,available,53,30%,3,"Arts,Entertainment,Media",,,
abstruse.theater,available,52,5%,8,"Humanities,Mathematics,Science",,,
ninetytwo.theater,available,52,4%,10,Mathematics,,,
lxxxiii.theater,available,52,1%,7,Mathematics,,,
sixtysix.theater,available,52,4%,9,Mathematics,,,
lxxi.theater,available,52,1%,4,Mathematics,,,
lxxv.theater,available,52,1%,4,Mathematics,,,
lxvii.theater,available,52,1%,5,Mathematics,,,
lxxxvii.theater,available,52,1%,7,Mathematics,,,
lxiv.theater,available,52,3%,4,Mathematics,,,
uphill.theater,available,52,7%,6,"Sports,Transportation,Travel",,,
sixtytwo.theater,available,52,3%,9,Mathematics,,,
repulsive.theater,available,52,1%,9,Humanities,,,
tierce.theater,available,52,3%,6,General,,,
littlejoe.theater,available,52,2%,10,"Entertainment,Media",,,
xcv.theater,available,52,7%,3,Mathematics,,,
chagrined.theater,available,52,1%,9,Humanities,,,
xcvii.theater,available,52,1%,5,Mathematics,,,
aboulic.theater,available,52,1%,7,Medicine,,,
ninetyone.theater,available,52,5%,10,Mathematics,,,
lxxxiv.theater,available,52,1%,6,Mathematics,,,
repugnant.theater,available,52,1%,9,Humanities,,,
ablated.theater,available,52,1%,7,Science,,,
eightyone.theater,available,52,3%,10,Mathematics,,,
sixtyfive.theater,available,52,3%,10,Mathematics,,,
ixl.theater,available,52,9%,3,Mathematics,,,
lxxii.theater,available,52,1%,5,Mathematics,,,
ixc.theater,available,52,5%,3,Mathematics,,,
xcii.theater,available,52,2%,4,Mathematics,,,
ninetysix.theater,available,52,4%,10,Mathematics,,,
lxxvii.theater,available,52,2%,6,Mathematics,,,
lxxxi.theater,available,52,1%,5,Mathematics,,,
lxvi.theater,available,52,3%,4,Mathematics,,,
xcviii.theater,available,52,1%,6,Mathematics,,,
abysmal.theater,available,52,4%,7,"Arts,Entertainment,Media",,,
abominable.theater,available,52,2%,10,"Entertainment,Humanities",,,
xci.theater,available,52,4%,3,Mathematics,,,
lxv.theater,available,52,5%,3,Mathematics,,,
lxviii.theater,available,52,1%,6,Mathematics,,,
lxii.theater,available,52,1%,4,Mathematics,,,
xcvi.theater,available,52,2%,4,Mathematics,,,
odious.theater,available,52,2%,6,"Entertainment,Humanities",,,
lxxxv.theater,available,52,1%,5,Mathematics,,,
lxxxvi.theater,available,52,1%,6,Mathematics,,,
adenoidal.theater,available,52,1%,9,"Health and Fitness,Medicine,Science",,,
abusive.theater,available,52,3%,7,"Healthcare,Law",,,
decumbent.theater,available,52,1%,9,"Healthcare,Medicine,Science",,,
sixtyfour.theater,available,52,3%,10,Mathematics,,,
detestable.theater,available,52,1%,10,Humanities,,,
xciii.theater,available,52,1%,5,Mathematics,,,
xciv.theater,available,52,2%,4,Mathematics,,,
lxxiii.theater,available,52,1%,6,Mathematics,,,
lxiii.theater,available,52,2%,5,Mathematics,,,
lxxxii.theater,available,52,1%,6,Mathematics,,,
lxxvi.theater,available,52,1%,5,Mathematics,,,
lxxiv.theater,available,52,1%,5,Mathematics,,,
eightytwo.theater,available,52,4%,10,Mathematics,,,
lxi.theater,available,52,5%,3,Mathematics,,,
adhominem.theater,available,50,2%,10,"Humanities,Law,Politics",,,
abducting.theater,available,50,0%,9,Medicine,,,
vinegary.theater,available,50,1%,8,Food and Beverage,,,
quint.theater,available,50,13%,5,"Arts,Entertainment",,,
ogdoad.theater,available,50,1%,6,Mathematics,,,
triplet.theater,available,50,8%,7,Science,,,
trine.theater,available,50,11%,5,"General,Religion",,,
adactylous.theater,available,50,0%,10,Science,,,
spinous.theater,available,50,1%,7,"Agriculture,Science",,,
acerb.theater,available,50,2%,5,Science,,,
acapnotic.theater,available,50,0%,9,"Healthcare,Medicine,Science",,,
acetose.theater,available,50,1%,7,Science,,,
acetous.theater,available,50,1%,7,Science,,,
abactinal.theater,available,50,0%,9,Science,,,
acapnic.theater,available,50,0%,7,"Healthcare,Medicine,Science",,,
scummy.theater,available,50,1%,6,Humanities,,,
gillless.theater,available,50,0%,9,Science,,,
broached.theater,available,50,0%,8,Food and Beverage,,,
abomasal.theater,available,50,0%,8,Agriculture,,,
acerose.theater,available,50,1%,7,Science,,,
aculeated.theater,available,50,0%,9,"Engineering,Medicine,Science",,,
acquitted.theater,available,50,1%,9,Law,,,
needlelike.theater,available,50,0%,10,"Engineering,Medicine,Science",,,
acerbic.theater,available,50,2%,7,"Arts,Humanities,Media",,,
acaudal.theater,available,50,1%,7,"Agriculture,Science",,,
cinque.theater,available,50,7%,6,Mathematics,,,
acellular.theater,available,50,1%,9,Science,,,
abdicable.theater,available,50,0%,9,Law,,,
aborticide.theater,available,50,0%,10,Medicine,,,
abbatial.theater,available,50,0%,8,Religion,,,
lxx.theater,available,50,5%,3,Mathematics,,,
abranchial.theater,available,50,0%,10,Science,,,
lxxxviii.theater,available,48,1%,8,Mathematics,,,
notguilty.theater,available,48,5%,10,Law,,,
ilxxx.theater,available,48,1%,5,Mathematics,,,
abyssal.theater,available,48,12%,7,"Arts,Entertainment,Media",,,
apriori.theater,available,48,13%,8,Mathematics,,,
ilxx.theater,available,48,1%,4,Mathematics,,,
execrable.theater,available,48,0%,9,"Entertainment,Humanities",,,
abstracted.theater,available,48,5%,10,"Arts,Humanities,Science",,,
theabsurd.theater,available,46,1%,10,"Arts,Entertainment,Media",,,
acetonic.theater,available,46,1%,8,Science,,,
stripling.theater,available,46,2%,9,"Education,Entertainment,Healthcare",,,
acetabular.theater,available,46,1%,10,Science,,,
acetylenic.theater,available,46,1%,10,Science,,,
acetylic.theater,available,46,1%,8,Science,,,
cotyloid.theater,available,46,1%,8,Science,,,
acephalous.theater,available,46,1%,10,Science,,,
acapnial.theater,available,46,0%,8,"Healthcare,Medicine,Science",,,
acanthoid.theater,available,46,1%,9,"Agriculture,Science",,,
acanthous.theater,available,46,0%,9,"Agriculture,Science",,,
achromous.theater,available,46,1%,9,Science,,,
acheronian.theater,available,46,1%,10,Humanities,,,
achromic.theater,available,46,2%,8,Science,,,
achenial.theater,available,46,1%,8,Science,,,
acarpelous.theater,available,46,0%,10,"Agriculture,Science",,,
acaudate.theater,available,46,1%,8,"Agriculture,Science",,,
acarpous.theater,available,46,0%,8,"Agriculture,Science",,,
vinegarish.theater,available,46,1%,10,Food and Beverage,,,
acanthotic.theater,available,46,0%,10,"Agriculture,Science",,,
stemless.theater,available,46,2%,8,"Agriculture,Science",,,
quaternary.theater,available,46,3%,10,Mathematics,,,
acicular.theater,available,46,2%,8,Science,,,
accusatory.theater,available,44,1%,10,Law,,,
cotyloidal.theater,available,44,1%,10,Science,,,
acherontic.theater,available,44,1%,10,Humanities,,,
abscessed.theater,available,41,0%,9,Healthcare,,,
phoebe.theater,available,41,14%,6,Science,,,
scurrilous.theater,available,40,1%,10,"Entertainment,Media,Politics",,,
accusive.theater,available,40,1%,8,Law,,,
accurst.theater,available,40,1%,7,Religion,,,